<?xml version="1.0" encoding="UTF-8"?>
<!DOCTYPE GranuleMetaDataFile SYSTEM "http://ecsinfo.gsfc.nasa.gov/ECSInfo/ecsmetadata/dtds/DPL/ECS/ScienceGranuleMetadata.dtd">
<GranuleMetaDataFile>
    <DTDVersion>1.0</DTDVersion>
    <DataCenterId>EDC</DataCenterId>
    <GranuleURMetaData>
        <GranuleUR>SC:MOD15A2H.006:2297010887</GranuleUR>
        <DbID>2297010887</DbID>
        <InsertTime>2018-06-10 23:57:19.445</InsertTime>
        <LastUpdate>2018-06-10 23:57:19.445</LastUpdate>
        <CollectionMetaData>
            <ShortName>MOD15A2H</ShortName>
            <VersionID>6</VersionID>
        </CollectionMetaData>
        <DataFiles>
            <DataFileContainer>
                <DistributedFileName>MOD15A2H.A2018153.h17v03.006.2018162045300.hdf</DistributedFileName>
                <FileSize>4355144</FileSize>
                <ChecksumType>CKSUM</ChecksumType>
                <Checksum>3369699090</Checksum>
                <ChecksumOrigin>DPLIngst</ChecksumOrigin>
            </DataFileContainer>
        </DataFiles>
        <ECSDataGranule>
            <SizeMBECSDataGranule>4.15339</SizeMBECSDataGranule>
            <ReprocessingPlanned>further update is anticipated</ReprocessingPlanned>
            <ReprocessingActual>reprocessed</ReprocessingActual>
            <LocalGranuleID>MOD15A2H.A2018153.h17v03.006.2018162045300.hdf</LocalGranuleID>
            <DayNightFlag>Day</DayNightFlag>
            <ProductionDateTime>2018-06-11 04:53:00.000</ProductionDateTime>
            <LocalVersionID>5.0.4</LocalVersionID>
        </ECSDataGranule>
        <PGEVersionClass>
            <PGEVersion>6.0.10</PGEVersion>
        </PGEVersionClass>
        <RangeDateTime>
            <RangeEndingTime>23:59:59.000000</RangeEndingTime>
            <RangeEndingDate>2018-06-09</RangeEndingDate>
            <RangeBeginningTime>00:00:00.000000</RangeBeginningTime>
            <RangeBeginningDate>2018-06-02</RangeBeginningDate>
        </RangeDateTime>
        <SpatialDomainContainer>
            <HorizontalSpatialDomainContainer>
                <GPolygon>
                    <Boundary>
                        <Point>
                            <PointLongitude>-15.4860189105775</PointLongitude>
                            <PointLatitude>49.7394264948349</PointLatitude>
                        </Point>
                        <Point>
                            <PointLongitude>-19.9999999949462</PointLongitude>
                            <PointLatitude>59.9999999946118</PointLatitude>
                        </Point>
                        <Point>
                            <PointLongitude>0.0325645816155362</PointLongitude>
                            <PointLatitude>60.0089388384779</PointLatitude>
                        </Point>
                        <Point>
                            <PointLongitude>0.0125638874822839</PointLongitude>
                            <PointLatitude>49.7424953501575</PointLatitude>
                        </Point>
                    </Boundary>
                </GPolygon>
            </HorizontalSpatialDomainContainer>
        </SpatialDomainContainer>
        <MeasuredParameter>
            <MeasuredParameterContainer>
                <ParameterName>MODPR15A2H</ParameterName>
                <QAStats>
                    <QAPercentMissingData>77</QAPercentMissingData>
                    <QAPercentOutofBoundsData>77</QAPercentOutofBoundsData>
                    <QAPercentInterpolatedData>0</QAPercentInterpolatedData>
                    <QAPercentCloudCover>3</QAPercentCloudCover>
                </QAStats>
                <QAFlags>
                    <AutomaticQualityFlag>Passed</AutomaticQualityFlag>
                    <AutomaticQualityFlagExplanation>No automatic quality assessment is performed in the PGE</AutomaticQualityFlagExplanation>
                    <OperationalQualityFlag>Passed</OperationalQualityFlag>
                    <OperationalQualityFlagExplanation>Passed</OperationalQualityFlagExplanation>
                    <ScienceQualityFlag>Not Investigated</ScienceQualityFlag>
                    <ScienceQualityFlagExplanation>See http://landweb.nascom/nasa.gov/cgi-bin/QA_WWW/qaFlagPage.cgi?sat=terra the product Science Quality status.</ScienceQualityFlagExplanation>
                </QAFlags>
            </MeasuredParameterContainer>
        </MeasuredParameter>
        <Platform>
            <PlatformShortName>Terra</PlatformShortName>
            <Instrument>
                <InstrumentShortName>MODIS</InstrumentShortName>
                <Sensor>
                    <SensorShortName>MODIS</SensorShortName>
                </Sensor>
            </Instrument>
        </Platform>
        <PSAs>
            <PSA>
                <PSAName>QAPERCENTGOODQUALITY</PSAName>
                <PSAValue>74</PSAValue>
            </PSA>
            <PSA>
                <PSAName>QAPERCENTOTHERQUALITY</PSAName>
                <PSAValue>100</PSAValue>
            </PSA>
            <PSA>
                <PSAName>HORIZONTALTILENUMBER</PSAName>
                <PSAValue>17</PSAValue>
            </PSA>
            <PSA>
                <PSAName>VERTICALTILENUMBER</PSAName>
                <PSAValue>03</PSAValue>
            </PSA>
            <PSA>
                <PSAName>TileID</PSAName>
                <PSAValue>51017003</PSAValue>
            </PSA>
            <PSA>
                <PSAName>NDAYS_COMPOSITED</PSAName>
                <PSAValue>8</PSAValue>
            </PSA>
            <PSA>
                <PSAName>QAPERCENTGOODFPAR</PSAName>
                <PSAValue>74</PSAValue>
            </PSA>
            <PSA>
                <PSAName>QAPERCENTGOODLAI</PSAName>
                <PSAValue>74</PSAValue>
            </PSA>
            <PSA>
                <PSAName>QAPERCENTMAINMETHOD</PSAName>
                <PSAValue>74</PSAValue>
            </PSA>
            <PSA>
                <PSAName>QAPERCENTEMPIRICALMODEL</PSAName>
                <PSAValue>26</PSAValue>
            </PSA>
            <PSA>
                <PSAName>identifier_product_doi</PSAName>
                <PSAValue>10.5067/MODIS/MOD15A2H.006</PSAValue>
            </PSA>
            <PSA>
                <PSAName>identifier_product_doi_authority</PSAName>
                <PSAValue>http://dx.doi.org</PSAValue>
            </PSA>
        </PSAs>
        <InputGranule>
            <InputPointer>MOD15A1H.A2018160.h17v03.006.2018162034733.hdf</InputPointer>
            <InputPointer>MOD15A1H.A2018159.h17v03.006.2018161042607.hdf</InputPointer>
            <InputPointer>MOD15A1H.A2018158.h17v03.006.2018160031758.hdf</InputPointer>
            <InputPointer>MOD15A1H.A2018157.h17v03.006.2018159032221.hdf</InputPointer>
            <InputPointer>MOD15A1H.A2018156.h17v03.006.2018158034135.hdf</InputPointer>
            <InputPointer>MOD15A1H.A2018155.h17v03.006.2018158172605.hdf</InputPointer>
            <InputPointer>MOD15A1H.A2018154.h17v03.006.2018158174732.hdf</InputPointer>
            <InputPointer>MOD15A1H.A2018153.h17v03.006.2018155054851.hdf</InputPointer>
            <InputPointer>MOD15A2_ANC_RI4.hdf</InputPointer>
        </InputGranule>
        <BrowseProduct>
            <BrowseGranuleId>UR:10:DsShESDTUR:UR:15:DsShSciServerUR:13:[EDC:DSSDSRV]:24:BR:Browse.001:2297010900</BrowseGranuleId>
        </BrowseProduct>
    </GranuleURMetaData>
</GranuleMetaDataFile>


