<?xml version="1.0" encoding="UTF-8"?>
<!DOCTYPE GranuleMetaDataFile SYSTEM "http://ecsinfo.gsfc.nasa.gov/ECSInfo/ecsmetadata/dtds/DPL/ECS/ScienceGranuleMetadata.dtd">
<GranuleMetaDataFile>
    <DTDVersion>1.0</DTDVersion>
    <DataCenterId>EDC</DataCenterId>
    <GranuleURMetaData>
        <GranuleUR>SC:MOD15A2H.006:2324924847</GranuleUR>
        <DbID>2324924847</DbID>
        <InsertTime>2018-12-14 08:51:55.502</InsertTime>
        <LastUpdate>2018-12-14 08:51:55.502</LastUpdate>
        <CollectionMetaData>
            <ShortName>MOD15A2H</ShortName>
            <VersionID>6</VersionID>
        </CollectionMetaData>
        <DataFiles>
            <DataFileContainer>
                <DistributedFileName>MOD15A2H.A2018337.h17v03.006.2018348144646.hdf</DistributedFileName>
                <FileSize>2789526</FileSize>
                <ChecksumType>CKSUM</ChecksumType>
                <Checksum>3509945170</Checksum>
                <ChecksumOrigin>DPLIngst</ChecksumOrigin>
            </DataFileContainer>
        </DataFiles>
        <ECSDataGranule>
            <SizeMBECSDataGranule>2.6603</SizeMBECSDataGranule>
            <ReprocessingPlanned>further update is anticipated</ReprocessingPlanned>
            <ReprocessingActual>reprocessed</ReprocessingActual>
            <LocalGranuleID>MOD15A2H.A2018337.h17v03.006.2018348144646.hdf</LocalGranuleID>
            <DayNightFlag>Day</DayNightFlag>
            <ProductionDateTime>2018-12-14 14:46:46.000</ProductionDateTime>
            <LocalVersionID>5.0.4</LocalVersionID>
        </ECSDataGranule>
        <PGEVersionClass>
            <PGEVersion>6.0.10</PGEVersion>
        </PGEVersionClass>
        <RangeDateTime>
            <RangeEndingTime>23:59:59.000000</RangeEndingTime>
            <RangeEndingDate>2018-12-10</RangeEndingDate>
            <RangeBeginningTime>00:00:00.000000</RangeBeginningTime>
            <RangeBeginningDate>2018-12-03</RangeBeginningDate>
        </RangeDateTime>
        <SpatialDomainContainer>
            <HorizontalSpatialDomainContainer>
                <GPolygon>
                    <Boundary>
                        <Point>
                            <PointLongitude>-15.4860189105775</PointLongitude>
                            <PointLatitude>49.7394264948349</PointLatitude>
                        </Point>
                        <Point>
                            <PointLongitude>-19.9999999949462</PointLongitude>
                            <PointLatitude>59.9999999946118</PointLatitude>
                        </Point>
                        <Point>
                            <PointLongitude>0.0325645816155362</PointLongitude>
                            <PointLatitude>60.0089388384779</PointLatitude>
                        </Point>
                        <Point>
                            <PointLongitude>0.0125638874822839</PointLongitude>
                            <PointLatitude>49.7424953501575</PointLatitude>
                        </Point>
                    </Boundary>
                </GPolygon>
            </HorizontalSpatialDomainContainer>
        </SpatialDomainContainer>
        <MeasuredParameter>
            <MeasuredParameterContainer>
                <ParameterName>MODPR15A2H</ParameterName>
                <QAStats>
                    <QAPercentMissingData>77</QAPercentMissingData>
                    <QAPercentOutofBoundsData>77</QAPercentOutofBoundsData>
                    <QAPercentInterpolatedData>0</QAPercentInterpolatedData>
                    <QAPercentCloudCover>3</QAPercentCloudCover>
                </QAStats>
                <QAFlags>
                    <AutomaticQualityFlag>Passed</AutomaticQualityFlag>
                    <AutomaticQualityFlagExplanation>No automatic quality assessment is performed in the PGE</AutomaticQualityFlagExplanation>
                    <OperationalQualityFlag>Passed</OperationalQualityFlag>
                    <OperationalQualityFlagExplanation>Passed</OperationalQualityFlagExplanation>
                    <ScienceQualityFlag>Not Investigated</ScienceQualityFlag>
                    <ScienceQualityFlagExplanation>See http://landweb.nascom/nasa.gov/cgi-bin/QA_WWW/qaFlagPage.cgi?sat=terra the product Science Quality status.</ScienceQualityFlagExplanation>
                </QAFlags>
            </MeasuredParameterContainer>
        </MeasuredParameter>
        <Platform>
            <PlatformShortName>Terra</PlatformShortName>
            <Instrument>
                <InstrumentShortName>MODIS</InstrumentShortName>
                <Sensor>
                    <SensorShortName>MODIS</SensorShortName>
                </Sensor>
            </Instrument>
        </Platform>
        <PSAs>
            <PSA>
                <PSAName>QAPERCENTGOODQUALITY</PSAName>
                <PSAValue>0</PSAValue>
            </PSA>
            <PSA>
                <PSAName>QAPERCENTOTHERQUALITY</PSAName>
                <PSAValue>100</PSAValue>
            </PSA>
            <PSA>
                <PSAName>HORIZONTALTILENUMBER</PSAName>
                <PSAValue>17</PSAValue>
            </PSA>
            <PSA>
                <PSAName>VERTICALTILENUMBER</PSAName>
                <PSAValue>03</PSAValue>
            </PSA>
            <PSA>
                <PSAName>TileID</PSAName>
                <PSAValue>51017003</PSAValue>
            </PSA>
            <PSA>
                <PSAName>NDAYS_COMPOSITED</PSAName>
                <PSAValue>8</PSAValue>
            </PSA>
            <PSA>
                <PSAName>QAPERCENTGOODFPAR</PSAName>
                <PSAValue>0</PSAValue>
            </PSA>
            <PSA>
                <PSAName>QAPERCENTGOODLAI</PSAName>
                <PSAValue>0</PSAValue>
            </PSA>
            <PSA>
                <PSAName>QAPERCENTMAINMETHOD</PSAName>
                <PSAValue>0</PSAValue>
            </PSA>
            <PSA>
                <PSAName>QAPERCENTEMPIRICALMODEL</PSAName>
                <PSAValue>100</PSAValue>
            </PSA>
            <PSA>
                <PSAName>identifier_product_doi</PSAName>
                <PSAValue>10.5067/MODIS/MOD15A2H.006</PSAValue>
            </PSA>
            <PSA>
                <PSAName>identifier_product_doi_authority</PSAName>
                <PSAValue>http://dx.doi.org</PSAValue>
            </PSA>
        </PSAs>
        <InputGranule>
            <InputPointer>MOD15A1H.A2018344.h17v03.006.2018346031308.hdf</InputPointer>
            <InputPointer>MOD15A1H.A2018343.h17v03.006.2018345024606.hdf</InputPointer>
            <InputPointer>MOD15A1H.A2018342.h17v03.006.2018344205632.hdf</InputPointer>
            <InputPointer>MOD15A1H.A2018341.h17v03.006.2018343223312.hdf</InputPointer>
            <InputPointer>MOD15A1H.A2018340.h17v03.006.2018342024916.hdf</InputPointer>
            <InputPointer>MOD15A1H.A2018339.h17v03.006.2018341215818.hdf</InputPointer>
            <InputPointer>MOD15A1H.A2018338.h17v03.006.2018340034242.hdf</InputPointer>
            <InputPointer>MOD15A1H.A2018337.h17v03.006.2018339024542.hdf</InputPointer>
            <InputPointer>MOD15A2_ANC_RI4.hdf</InputPointer>
        </InputGranule>
        <BrowseProduct>
            <BrowseGranuleId>UR:10:DsShESDTUR:UR:15:DsShSciServerUR:13:[EDC:DSSDSRV]:24:BR:Browse.001:2324924866</BrowseGranuleId>
        </BrowseProduct>
    </GranuleURMetaData>
</GranuleMetaDataFile>


